{
  "data": [
    {
      "customdata": [
        [
          "setosa",
          306.25
        ],
        [
          "setosa",
          262.5
        ],
        [
          "setosa",
          277.344
        ],
        [
          "setosa",
          273.544
        ],
        [
          "setosa",
          315.0
        ],
        [
          "setosa",
          315.705
        ],
        [
          "setosa",
          279.98999999999995
        ],
        [
          "setosa",
          300.01599999999996
        ],
        [
          "setosa",
          253.75
        ],
        [
          "setosa",
          290.625
        ],
        [
          "setosa",
          326.488
        ],
        [
          "setosa",
          302.226
        ],
        [
          "setosa",
          279.99
        ],
        [
          "setosa",
          275.01
        ],
        [
          "setosa",
          342.84
        ],
        [
          "setosa",
          347.38000000000005
        ],
        [
          "setosa",
          298.233
        ],
        [
          "setosa",
          288.22499999999997
        ],
        [
          "setosa",
          323.0
        ],
        [
          "setosa",
          316.654
        ]
      ],
      "hovertemplate": "label: %{customdata[0]}<br>width: %{width}<br>height: %{y}",
      "name": "petal_length",
      "offset": 0,
      "text": [
        87.5,
        87.5,
        86.67,
        88.24,
        87.5,
        80.95,
        82.35,
        88.24,
        87.5,
        93.75,
        88.24,
        88.89,
        93.33,
        91.67,
        85.71,
        78.95,
        76.47,
        82.35,
        85.0,
        83.33
      ],
      "textangle": 0,
      "textposition": "inside",
      "texttemplate": "%{text}%",
      "width": [
        3.5,
        3.0,
        3.2,
        3.1,
        3.6,
        3.9,
        3.4,
        3.4,
        2.9,
        3.1,
        3.7,
        3.4,
        3.0,
        3.0,
        4.0,
        4.4,
        3.9,
        3.5,
        3.8,
        3.8
      ],
      "x": [
        0.0,
        3.5,
        6.499999999999999,
        9.7,
        12.799999999999999,
        16.4,
        20.299999999999997,
        23.699999999999996,
        27.099999999999994,
        29.999999999999993,
        33.099999999999994,
        36.8,
        40.199999999999996,
        43.199999999999996,
        46.199999999999996,
        50.199999999999996,
        54.599999999999994,
        58.49999999999999,
        62.0,
        65.8
      ],
      "y": [
        87.5,
        87.5,
        86.67,
        88.24,
        87.5,
        80.95,
        82.35,
        88.24,
        87.5,
        93.75,
        88.24,
        88.89,
        93.33,
        91.67,
        85.71,
        78.95,
        76.47,
        82.35,
        85.0,
        83.33
      ],
      "type": "bar"
    },
    {
      "customdata": [
        [
          "setosa",
          43.75
        ],
        [
          "setosa",
          37.5
        ],
        [
          "setosa",
          42.656000000000006
        ],
        [
          "setosa",
          36.456
        ],
        [
          "setosa",
          45.0
        ],
        [
          "setosa",
          74.295
        ],
        [
          "setosa",
          60.00999999999999
        ],
        [
          "setosa",
          39.984
        ],
        [
          "setosa",
          36.25
        ],
        [
          "setosa",
          19.375
        ],
        [
          "setosa",
          43.512
        ],
        [
          "setosa",
          37.773999999999994
        ],
        [
          "setosa",
          20.009999999999998
        ],
        [
          "setosa",
          24.990000000000002
        ],
        [
          "setosa",
          57.16
        ],
        [
          "setosa",
          92.62
        ],
        [
          "setosa",
          91.767
        ],
        [
          "setosa",
          61.77499999999999
        ],
        [
          "setosa",
          57.0
        ],
        [
          "setosa",
          63.346000000000004
        ]
      ],
      "hovertemplate": "label: %{customdata[0]}<br>width: %{width}<br>height: %{y}",
      "name": "petal_width",
      "offset": 0,
      "text": [
        12.5,
        12.5,
        13.33,
        11.76,
        12.5,
        19.05,
        17.65,
        11.76,
        12.5,
        6.25,
        11.76,
        11.11,
        6.67,
        8.33,
        14.29,
        21.05,
        23.53,
        17.65,
        15.0,
        16.67
      ],
      "textangle": 0,
      "textposition": "inside",
      "texttemplate": "%{text}%",
      "width": [
        3.5,
        3.0,
        3.2,
        3.1,
        3.6,
        3.9,
        3.4,
        3.4,
        2.9,
        3.1,
        3.7,
        3.4,
        3.0,
        3.0,
        4.0,
        4.4,
        3.9,
        3.5,
        3.8,
        3.8
      ],
      "x": [
        0.0,
        3.5,
        6.499999999999999,
        9.7,
        12.799999999999999,
        16.4,
        20.299999999999997,
        23.699999999999996,
        27.099999999999994,
        29.999999999999993,
        33.099999999999994,
        36.8,
        40.199999999999996,
        43.199999999999996,
        46.199999999999996,
        50.199999999999996,
        54.599999999999994,
        58.49999999999999,
        62.0,
        65.8
      ],
      "y": [
        12.5,
        12.5,
        13.33,
        11.76,
        12.5,
        19.05,
        17.65,
        11.76,
        12.5,
        6.25,
        11.76,
        11.11,
        6.67,
        8.33,
        14.29,
        21.05,
        23.53,
        17.65,
        15.0,
        16.67
      ],
      "type": "bar"
    }
  ],
  "layout": {
    "template": {
      "data": {
        "histogram2dcontour": [
          {
            "type": "histogram2dcontour",
            "colorbar": {
              "outlinewidth": 0,
              "ticks": ""
            },
            "colorscale": [
              [
                0.0,
                "#0d0887"
              ],
              [
                0.1111111111111111,
                "#46039f"
              ],
              [
                0.2222222222222222,
                "#7201a8"
              ],
              [
                0.3333333333333333,
                "#9c179e"
              ],
              [
                0.4444444444444444,
                "#bd3786"
              ],
              [
                0.5555555555555556,
                "#d8576b"
              ],
              [
                0.6666666666666666,
                "#ed7953"
              ],
              [
                0.7777777777777778,
                "#fb9f3a"
              ],
              [
                0.8888888888888888,
                "#fdca26"
              ],
              [
                1.0,
                "#f0f921"
              ]
            ]
          }
        ],
        "choropleth": [
          {
            "type": "choropleth",
            "colorbar": {
              "outlinewidth": 0,
              "ticks": ""
            }
          }
        ],
        "histogram2d": [
          {
            "type": "histogram2d",
            "colorbar": {
              "outlinewidth": 0,
              "ticks": ""
            },
            "colorscale": [
              [
                0.0,
                "#0d0887"
              ],
              [
                0.1111111111111111,
                "#46039f"
              ],
              [
                0.2222222222222222,
                "#7201a8"
              ],
              [
                0.3333333333333333,
                "#9c179e"
              ],
              [
                0.4444444444444444,
                "#bd3786"
              ],
              [
                0.5555555555555556,
                "#d8576b"
              ],
              [
                0.6666666666666666,
                "#ed7953"
              ],
              [
                0.7777777777777778,
                "#fb9f3a"
              ],
              [
                0.8888888888888888,
                "#fdca26"
              ],
              [
                1.0,
                "#f0f921"
              ]
            ]
          }
        ],
        "heatmap": [
          {
            "type": "heatmap",
            "colorbar": {
              "outlinewidth": 0,
              "ticks": ""
            },
            "colorscale": [
              [
                0.0,
                "#0d0887"
              ],
              [
                0.1111111111111111,
                "#46039f"
              ],
              [
                0.2222222222222222,
                "#7201a8"
              ],
              [
                0.3333333333333333,
                "#9c179e"
              ],
              [
                0.4444444444444444,
                "#bd3786"
              ],
              [
                0.5555555555555556,
                "#d8576b"
              ],
              [
                0.6666666666666666,
                "#ed7953"
              ],
              [
                0.7777777777777778,
                "#fb9f3a"
              ],
              [
                0.8888888888888888,
                "#fdca26"
              ],
              [
                1.0,
                "#f0f921"
              ]
            ]
          }
        ],
        "heatmapgl": [
          {
            "type": "heatmapgl",
            "colorbar": {
              "outlinewidth": 0,
              "ticks": ""
            },
            "colorscale": [
              [
                0.0,
                "#0d0887"
              ],
              [
                0.1111111111111111,
                "#46039f"
              ],
              [
                0.2222222222222222,
                "#7201a8"
              ],
              [
                0.3333333333333333,
                "#9c179e"
              ],
              [
                0.4444444444444444,
                "#bd3786"
              ],
              [
                0.5555555555555556,
                "#d8576b"
              ],
              [
                0.6666666666666666,
                "#ed7953"
              ],
              [
                0.7777777777777778,
                "#fb9f3a"
              ],
              [
                0.8888888888888888,
                "#fdca26"
              ],
              [
                1.0,
                "#f0f921"
              ]
            ]
          }
        ],
        "contourcarpet": [
          {
            "type": "contourcarpet",
            "colorbar": {
              "outlinewidth": 0,
              "ticks": ""
            }
          }
        ],
        "contour": [
          {
            "type": "contour",
            "colorbar": {
              "outlinewidth": 0,
              "ticks": ""
            },
            "colorscale": [
              [
                0.0,
                "#0d0887"
              ],
              [
                0.1111111111111111,
                "#46039f"
              ],
              [
                0.2222222222222222,
                "#7201a8"
              ],
              [
                0.3333333333333333,
                "#9c179e"
              ],
              [
                0.4444444444444444,
                "#bd3786"
              ],
              [
                0.5555555555555556,
                "#d8576b"
              ],
              [
                0.6666666666666666,
                "#ed7953"
              ],
              [
                0.7777777777777778,
                "#fb9f3a"
              ],
              [
                0.8888888888888888,
                "#fdca26"
              ],
              [
                1.0,
                "#f0f921"
              ]
            ]
          }
        ],
        "surface": [
          {
            "type": "surface",
            "colorbar": {
              "outlinewidth": 0,
              "ticks": ""
            },
            "colorscale": [
              [
                0.0,
                "#0d0887"
              ],
              [
                0.1111111111111111,
                "#46039f"
              ],
              [
                0.2222222222222222,
                "#7201a8"
              ],
              [
                0.3333333333333333,
                "#9c179e"
              ],
              [
                0.4444444444444444,
                "#bd3786"
              ],
              [
                0.5555555555555556,
                "#d8576b"
              ],
              [
                0.6666666666666666,
                "#ed7953"
              ],
              [
                0.7777777777777778,
                "#fb9f3a"
              ],
              [
                0.8888888888888888,
                "#fdca26"
              ],
              [
                1.0,
                "#f0f921"
              ]
            ]
          }
        ],
        "mesh3d": [
          {
            "type": "mesh3d",
            "colorbar": {
              "outlinewidth": 0,
              "ticks": ""
            }
          }
        ],
        "scatter": [
          {
            "fillpattern": {
              "fillmode": "overlay",
              "size": 10,
              "solidity": 0.2
            },
            "type": "scatter"
          }
        ],
        "parcoords": [
          {
            "type": "parcoords",
            "line": {
              "colorbar": {
                "outlinewidth": 0,
                "ticks": ""
              }
            }
          }
        ],
        "scatterpolargl": [
          {
            "type": "scatterpolargl",
            "marker": {
              "colorbar": {
                "outlinewidth": 0,
                "ticks": ""
              }
            }
          }
        ],
        "bar": [
          {
            "error_x": {
              "color": "#2a3f5f"
            },
            "error_y": {
              "color": "#2a3f5f"
            },
            "marker": {
              "line": {
                "color": "#E5ECF6",
                "width": 0.5
              },
              "pattern": {
                "fillmode": "overlay",
                "size": 10,
                "solidity": 0.2
              }
            },
            "type": "bar"
          }
        ],
        "scattergeo": [
          {
            "type": "scattergeo",
            "marker": {
              "colorbar": {
                "outlinewidth": 0,
                "ticks": ""
              }
            }
          }
        ],
        "scatterpolar": [
          {
            "type": "scatterpolar",
            "marker": {
              "colorbar": {
                "outlinewidth": 0,
                "ticks": ""
              }
            }
          }
        ],
        "histogram": [
          {
            "marker": {
              "pattern": {
                "fillmode": "overlay",
                "size": 10,
                "solidity": 0.2
              }
            },
            "type": "histogram"
          }
        ],
        "scattergl": [
          {
            "type": "scattergl",
            "marker": {
              "colorbar": {
                "outlinewidth": 0,
                "ticks": ""
              }
            }
          }
        ],
        "scatter3d": [
          {
            "type": "scatter3d",
            "line": {
              "colorbar": {
                "outlinewidth": 0,
                "ticks": ""
              }
            },
            "marker": {
              "colorbar": {
                "outlinewidth": 0,
                "ticks": ""
              }
            }
          }
        ],
        "scattermapbox": [
          {
            "type": "scattermapbox",
            "marker": {
              "colorbar": {
                "outlinewidth": 0,
                "ticks": ""
              }
            }
          }
        ],
        "scatterternary": [
          {
            "type": "scatterternary",
            "marker": {
              "colorbar": {
                "outlinewidth": 0,
                "ticks": ""
              }
            }
          }
        ],
        "scattercarpet": [
          {
            "type": "scattercarpet",
            "marker": {
              "colorbar": {
                "outlinewidth": 0,
                "ticks": ""
              }
            }
          }
        ],
        "carpet": [
          {
            "aaxis": {
              "endlinecolor": "#2a3f5f",
              "gridcolor": "white",
              "linecolor": "white",
              "minorgridcolor": "white",
              "startlinecolor": "#2a3f5f"
            },
            "baxis": {
              "endlinecolor": "#2a3f5f",
              "gridcolor": "white",
              "linecolor": "white",
              "minorgridcolor": "white",
              "startlinecolor": "#2a3f5f"
            },
            "type": "carpet"
          }
        ],
        "table": [
          {
            "cells": {
              "fill": {
                "color": "#EBF0F8"
              },
              "line": {
                "color": "white"
              }
            },
            "header": {
              "fill": {
                "color": "#C8D4E3"
              },
              "line": {
                "color": "white"
              }
            },
            "type": "table"
          }
        ],
        "barpolar": [
          {
            "marker": {
              "line": {
                "color": "#E5ECF6",
                "width": 0.5
              },
              "pattern": {
                "fillmode": "overlay",
                "size": 10,
                "solidity": 0.2
              }
            },
            "type": "barpolar"
          }
        ],
        "pie": [
          {
            "automargin": true,
            "type": "pie"
          }
        ]
      },
      "layout": {
        "autotypenumbers": "strict",
        "colorway": [
          "#636efa",
          "#EF553B",
          "#00cc96",
          "#ab63fa",
          "#FFA15A",
          "#19d3f3",
          "#FF6692",
          "#B6E880",
          "#FF97FF",
          "#FECB52"
        ],
        "font": {
          "color": "#2a3f5f"
        },
        "hovermode": "closest",
        "hoverlabel": {
          "align": "left"
        },
        "paper_bgcolor": "white",
        "plot_bgcolor": "#E5ECF6",
        "polar": {
          "bgcolor": "#E5ECF6",
          "angularaxis": {
            "gridcolor": "white",
            "linecolor": "white",
            "ticks": ""
          },
          "radialaxis": {
            "gridcolor": "white",
            "linecolor": "white",
            "ticks": ""
          }
        },
        "ternary": {
          "bgcolor": "#E5ECF6",
          "aaxis": {
            "gridcolor": "white",
            "linecolor": "white",
            "ticks": ""
          },
          "baxis": {
            "gridcolor": "white",
            "linecolor": "white",
            "ticks": ""
          },
          "caxis": {
            "gridcolor": "white",
            "linecolor": "white",
            "ticks": ""
          }
        },
        "coloraxis": {
          "colorbar": {
            "outlinewidth": 0,
            "ticks": ""
          }
        },
        "colorscale": {
          "sequential": [
            [
              0.0,
              "#0d0887"
            ],
            [
              0.1111111111111111,
              "#46039f"
            ],
            [
              0.2222222222222222,
              "#7201a8"
            ],
            [
              0.3333333333333333,
              "#9c179e"
            ],
            [
              0.4444444444444444,
              "#bd3786"
            ],
            [
              0.5555555555555556,
              "#d8576b"
            ],
            [
              0.6666666666666666,
              "#ed7953"
            ],
            [
              0.7777777777777778,
              "#fb9f3a"
            ],
            [
              0.8888888888888888,
              "#fdca26"
            ],
            [
              1.0,
              "#f0f921"
            ]
          ],
          "sequentialminus": [
            [
              0.0,
              "#0d0887"
            ],
            [
              0.1111111111111111,
              "#46039f"
            ],
            [
              0.2222222222222222,
              "#7201a8"
            ],
            [
              0.3333333333333333,
              "#9c179e"
            ],
            [
              0.4444444444444444,
              "#bd3786"
            ],
            [
              0.5555555555555556,
              "#d8576b"
            ],
            [
              0.6666666666666666,
              "#ed7953"
            ],
            [
              0.7777777777777778,
              "#fb9f3a"
            ],
            [
              0.8888888888888888,
              "#fdca26"
            ],
            [
              1.0,
              "#f0f921"
            ]
          ],
          "diverging": [
            [
              0,
              "#8e0152"
            ],
            [
              0.1,
              "#c51b7d"
            ],
            [
              0.2,
              "#de77ae"
            ],
            [
              0.3,
              "#f1b6da"
            ],
            [
              0.4,
              "#fde0ef"
            ],
            [
              0.5,
              "#f7f7f7"
            ],
            [
              0.6,
              "#e6f5d0"
            ],
            [
              0.7,
              "#b8e186"
            ],
            [
              0.8,
              "#7fbc41"
            ],
            [
              0.9,
              "#4d9221"
            ],
            [
              1,
              "#276419"
            ]
          ]
        },
        "xaxis": {
          "gridcolor": "white",
          "linecolor": "white",
          "ticks": "",
          "title": {
            "standoff": 15
          },
          "zerolinecolor": "white",
          "automargin": true,
          "zerolinewidth": 2
        },
        "yaxis": {
          "gridcolor": "white",
          "linecolor": "white",
          "ticks": "",
          "title": {
            "standoff": 15
          },
          "zerolinecolor": "white",
          "automargin": true,
          "zerolinewidth": 2
        },
        "scene": {
          "xaxis": {
            "backgroundcolor": "#E5ECF6",
            "gridcolor": "white",
            "linecolor": "white",
            "showbackground": true,
            "ticks": "",
            "zerolinecolor": "white",
            "gridwidth": 2
          },
          "yaxis": {
            "backgroundcolor": "#E5ECF6",
            "gridcolor": "white",
            "linecolor": "white",
            "showbackground": true,
            "ticks": "",
            "zerolinecolor": "white",
            "gridwidth": 2
          },
          "zaxis": {
            "backgroundcolor": "#E5ECF6",
            "gridcolor": "white",
            "linecolor": "white",
            "showbackground": true,
            "ticks": "",
            "zerolinecolor": "white",
            "gridwidth": 2
          }
        },
        "shapedefaults": {
          "line": {
            "color": "#2a3f5f"
          }
        },
        "annotationdefaults": {
          "arrowcolor": "#2a3f5f",
          "arrowhead": 0,
          "arrowwidth": 1
        },
        "geo": {
          "bgcolor": "white",
          "landcolor": "#E5ECF6",
          "subunitcolor": "white",
          "showland": true,
          "showlakes": true,
          "lakecolor": "white"
        },
        "title": {
          "x": 0.05
        },
        "mapbox": {
          "style": "light"
        }
      }
    },
    "xaxis": {
      "tickvals": [
        1.75,
        5.0,
        8.1,
        11.249999999999998,
        14.599999999999998,
        18.349999999999998,
        21.999999999999996,
        25.399999999999995,
        28.549999999999994,
        31.549999999999994,
        34.949999999999996,
        38.49999999999999,
        41.699999999999996,
        44.699999999999996,
        48.199999999999996,
        52.39999999999999,
        56.54999999999999,
        60.24999999999999,
        63.9,
        67.69999999999999
      ],
      "ticktext": [
        "setosa<br>3%",
        "setosa<br>3%",
        "setosa<br>3%",
        "setosa<br>3%",
        "setosa<br>3%",
        "setosa<br>3%",
        "setosa<br>3%",
        "setosa<br>3%",
        "setosa<br>2%",
        "setosa<br>3%",
        "setosa<br>3%",
        "setosa<br>3%",
        "setosa<br>3%",
        "setosa<br>3%",
        "setosa<br>4%",
        "setosa<br>4%",
        "setosa<br>3%",
        "setosa<br>3%",
        "setosa<br>3%",
        "setosa<br>3%"
      ],
      "title": {
        "text": "species_width"
      },
      "range": [
        0,
        69.6
      ]
    },
    "title": {
      "text": "Marimekko Chart",
      "x": 0.5
    },
    "uniformtext": {
      "mode": "hide",
      "minsize": 10
    },
    "barmode": "stack",
    "yaxis": {
      "title": {
        "text": "height"
      },
      "tickvals": [
        0,
        10,
        20,
        30,
        40,
        50,
        60,
        70,
        80,
        90,
        100
      ],
      "ticktext": [
        "0%",
        "10%",
        "20%",
        "30%",
        "40%",
        "50%",
        "60%",
        "70%",
        "80%",
        "90%",
        "100%"
      ]
    }
  }
}